<?xml version="1.0"?>
<doc>
    <assembly>
        <name>UnityModManager</name>
    </assembly>
    <members>
        <member name="F:UnityModManagerNet.UnityModManager.ModEntry.Path">
            <summary>
            Path to mod folder
            </summary>
        </member>
        <member name="F:UnityModManagerNet.UnityModManager.ModEntry.Version">
            <summary>
            Version of a mod
            </summary>
        </member>
        <member name="F:UnityModManagerNet.UnityModManager.ModEntry.ManagerVersion">
            <summary>
            Required UMM version
            </summary>
        </member>
        <member name="F:UnityModManagerNet.UnityModManager.ModEntry.GameVersion">
            <summary>
            Required game version [0.15.0]
            </summary>
        </member>
        <member name="F:UnityModManagerNet.UnityModManager.ModEntry.NewestVersion">
            <summary>
            Not used
            </summary>
        </member>
        <member name="F:UnityModManagerNet.UnityModManager.ModEntry.Requirements">
            <summary>
            Required mods
            </summary>
        </member>
        <member name="F:UnityModManagerNet.UnityModManager.ModEntry.CustomRequirements">
            <summary>
            Displayed in UMM UI. Add <color></color> tag to change colors. Can be used when custom verification game version [0.15.0]
            </summary>
        </member>
        <member name="F:UnityModManagerNet.UnityModManager.ModEntry.HasUpdate">
            <summary>
            Not used
            </summary>
        </member>
        <member name="P:UnityModManagerNet.UnityModManager.ModEntry.CanReload">
            <summary>
            Show button to reload the mod [0.14.0]
            </summary>
        </member>
        <member name="F:UnityModManagerNet.UnityModManager.ModEntry.OnUnload">
            <summary>
            Called to unload old data for reloading mod [0.14.0]
            </summary>
        </member>
        <member name="F:UnityModManagerNet.UnityModManager.ModEntry.OnToggle">
            <summary>
            Called to activate / deactivate the mod
            </summary>
        </member>
        <member name="F:UnityModManagerNet.UnityModManager.ModEntry.OnGUI">
            <summary>
            Called by MonoBehaviour.OnGUI
            </summary>
        </member>
        <member name="F:UnityModManagerNet.UnityModManager.ModEntry.OnSaveGUI">
            <summary>
            Called when the game closes
            </summary>
        </member>
        <member name="F:UnityModManagerNet.UnityModManager.ModEntry.OnUpdate">
            <summary>
            Called by MonoBehaviour.Update [0.13.0]
            </summary>
        </member>
        <member name="F:UnityModManagerNet.UnityModManager.ModEntry.OnLateUpdate">
            <summary>
            Called by MonoBehaviour.LateUpdate [0.13.0]
            </summary>
        </member>
        <member name="F:UnityModManagerNet.UnityModManager.ModEntry.OnFixedUpdate">
            <summary>
            Called by MonoBehaviour.FixedUpdate [0.13.0]
            </summary>
        </member>
        <member name="F:UnityModManagerNet.UnityModManager.ModEntry.Enabled">
            <summary>
            UI checkbox
            </summary>
        </member>
        <member name="P:UnityModManagerNet.UnityModManager.ModEntry.Toggleable">
            <summary>
            If OnToggle exists
            </summary>
        </member>
        <member name="P:UnityModManagerNet.UnityModManager.ModEntry.Loaded">
            <summary>
            If Assembly is loaded [0.13.1]
            </summary>
        </member>
        <member name="P:UnityModManagerNet.UnityModManager.unityVersion">
            <summary>
            Contains version of UnityEngine
            </summary>
        </member>
        <member name="P:UnityModManagerNet.UnityModManager.gameVersion">
            <summary>
            Contains version of a game, if configured [0.15.0]
            </summary>
        </member>
        <member name="P:UnityModManagerNet.UnityModManager.version">
            <summary>
            Contains version of UMM
            </summary>
        </member>
        <member name="F:UnityModManagerNet.UnityModManager.UI.button">
            <summary>
            [0.13.1]
            </summary>
        </member>
        <member name="T:UnityModManagerNet.SaveOnReloadAttribute">
            <summary>
            Copies a value from an old assembly to a new one [0.14.0]
            </summary>
        </member>
        <member name="T:UnityModManagerNet.EnableReloadingAttribute">
            <summary>
            Allows reloading [0.14.1]
            </summary>
        </member>
        <member name="M:UnityModManagerNet.Extensions.ResizeToIfLess(UnityEngine.Texture2D,System.Int32)">
            <summary>
            Only works on ARGB32, RGB24 and Alpha8 textures that are marked readable
            </summary>
            <param name="tex"></param>
            <param name="size"></param>
        </member>
    </members>
</doc>
