<?xml version="1.0" encoding="utf-8"?>
<Config xmlns:xsi="http://www.w3.org/2001/XMLSchema-instance" xmlns:xsd="http://www.w3.org/2001/XMLSchema">
	<Repository>https://raw.githubusercontent.com/newman55/unity-mod-manager/master/Repository_beta_13.json</Repository>
	<HomePage>https://www.nexusmods.com/site/mods/21/</HomePage>
	
	<GameInfo Name="Factory Town">
		<Folder>Factory Town</Folder>
		<ModsDirectory>Mods</ModsDirectory>
		<ModInfo>Info.json</ModInfo>
		<GameExe>Factory Town.exe</GameExe>
		<StartingPoint>[Assembly-CSharp.dll]Platform.Awake:After</StartingPoint>
		<EntryPoint>[UnityEngine.UIModule.dll]UnityEngine.Canvas.cctor:After</EntryPoint>
	</GameInfo>
</Config>